timestamp,roll,pitch,yaw
1481271437822202,0.0403106,-0.0839618,-2.83502
1481271437842710,0.0399502,-0.0873067,-2.8327
1481271437882713,0.0405254,-0.090963,-2.83337
1481271437887712,0.0408546,-0.0932069,-2.83467
1481271437909715,0.0407693,-0.092495,-2.83304
1481271437918297,0.0364511,-0.0898547,-2.83244
1481271437947740,0.0352323,-0.0874326,-2.83276
1481271437978743,0.0383619,-0.0867687,-2.83421
1481271437980744,0.0382593,-0.086629,-2.8342
1481271437999784,0.0339702,-0.0869703,-2.83343
1481271438021756,0.0324655,-0.086994,-2.83301
1481271438039769,0.0349865,-0.0875069,-2.83309
1481271438059804,0.0363368,-0.0875938,-2.83316
1481271438082918,0.0353981,-0.0881753,-2.8336
1481271438097855,0.0341396,-0.0876012,-2.83392
1481271438122306,0.0345656,-0.0863202,-2.83344
1481271438158796,0.0332738,-0.0840388,-2.8325
1481271438160802,0.0326129,-0.083557,-2.83269
1481271438187942,0.0340814,-0.0840068,-2.83403
1481271438201798,0.0358251,-0.0847652,-2.8342
1481271438225810,0.0328453,-0.0854373,-2.83338
1481271438239675,0.0314718,-0.0854742,-2.8332
1481271438261640,0.0331762,-0.08596,-2.83439
1481271438277648,0.0331947,-0.0858391,-2.83439
1481271438299678,0.0337787,-0.0858224,-2.8335
1481271438329659,0.0328834,-0.0860552,-2.83363
1481271438337662,0.0302968,-0.0868769,-2.83399
1481271438361664,0.0308751,-0.0879575,-2.83405
1481271438381664,0.0326582,-0.0882518,-2.8334
1481271438399663,0.0320334,-0.0880508,-2.83251
1481271438435685,0.0360508,-0.084965,-2.83754
1481271438441767,0.0396125,-0.0914515,-2.85138
1481271438465695,0.0421637,-0.0896805,-2.86194
1481271438478686,0.0402127,-0.0921902,-2.8734
1481271438502685,0.0377005,-0.0956313,-2.87986
1481271438518693,0.0409817,-0.0970444,-2.88015
1481271438540704,0.0442286,-0.101123,-2.88183
1481271438569710,0.0391729,-0.103689,-2.88104
1481271438577708,0.0282838,-0.0997266,-2.87208
1481271438608709,0.0283717,-0.0944759,-2.86386
1481271438621719,0.0259447,-0.0899821,-2.86176
1481271438639727,0.0170479,-0.089178,-2.86459
1481271438660727,0.0180098,-0.0901778,-2.86437
1481271438681729,0.0191732,-0.0882745,-2.86231
1481271438714238,0.0181129,-0.0905948,-2.86243
1481271438720741,0.0199957,-0.0927264,-2.86153
1481271438744747,0.0212123,-0.091329,-2.85948
1481271438757815,0.0198459,-0.0922474,-2.85944
1481271438781822,0.0167787,-0.0925266,-2.86074
1481271438809769,0.00939685,-0.089876,-2.86119
1481271438818307,0.00475859,-0.0873563,-2.86272
1481271438848577,0.00305792,-0.0842842,-2.8619
1481271438861577,5.68154e-005,-0.0820275,-2.85921
1481271438885580,-0.00618534,-0.0821286,-2.85781
1481271438900580,-0.00652745,-0.0777591,-2.85833
1481271438922088,-0.00462301,-0.0732161,-2.85893
1481271438938102,-0.00778191,-0.0680795,-2.86061
1481271438960107,-0.00974421,-0.0665693,-2.86192
1481271438991107,-0.0115303,-0.0660716,-2.86175
1481271438998105,-0.0129408,-0.0651293,-2.85986
1481271439022132,-0.0107214,-0.0614949,-2.8591
1481271439042215,-0.00898698,-0.0618645,-2.861
1481271439059147,-0.0138722,-0.0613048,-2.86391
1481271439088144,-0.0172264,-0.060968,-2.86554
1481271439102179,-0.0150357,-0.0610218,-2.86486
1481271439125653,-0.0150385,-0.0601612,-2.86491
1481271439146161,-0.0156822,-0.0595778,-2.86535
1481271439164164,-0.0156416,-0.0587263,-2.86685
1481271439178164,-0.0161665,-0.0580369,-2.86672
1481271439200166,-0.0157335,-0.0574798,-2.86626
1481271439230178,-0.0152993,-0.0570462,-2.86639
1481271439238179,-0.017802,-0.0571897,-2.86581
1481271439269180,-0.0199499,-0.0559099,-2.86639
1481271439282235,-0.0185939,-0.0552386,-2.86741
1481271439299186,-0.0175306,-0.0557595,-2.8683
1481271439320692,-0.0183814,-0.0557704,-2.86879
1481271439341694,-0.0202924,-0.0552613,-2.86851
1481271439365698,-0.0220416,-0.054528,-2.86847
1481271439380699,-0.0209016,-0.0533223,-2.86799
1481271439404702,-0.0175871,-0.0525475,-2.86812
1481271439425705,-0.01746,-0.0526929,-2.86898
1481271439442207,-0.01746,-0.0526929,-2.86898
1481271439471711,-0.0145852,-0.0523464,-2.86871
1481271439478212,-0.0127528,-0.0525971,-2.86933
1481271439508216,-0.0116007,-0.0542371,-2.87011
1481271439523252,-0.0101145,-0.0541931,-2.87015
1481271439547254,-0.0109488,-0.0538307,-2.86938
1481271439560722,-0.0102303,-0.0530658,-2.86928
1481271439583259,-0.00861307,-0.0529179,-2.86909
1481271439599728,-0.00768465,-0.0535383,-2.87009
1481271439620729,-0.00983776,-0.0532454,-2.87102
1481271439643296,-0.012843,-0.0533279,-2.86973
1481271439659734,-0.0117946,-0.0528545,-2.86964
1481271439680737,-0.00995852,-0.0529818,-2.8698
1481271439703304,-0.00994192,-0.0528607,-2.8698
1481271439724306,-0.0107597,-0.0526248,-2.87025
1481271439740745,-0.0119589,-0.0532018,-2.86987
1481271439763307,-0.0120049,-0.0533136,-2.86872
1481271439784776,-0.0116082,-0.0529989,-2.86815
1481271439808307,-0.0113493,-0.0493372,-2.8682
1481271439823307,-0.0109004,-0.0505062,-2.86793
1481271439844306,-0.0103824,-0.0493449,-2.86747
1481271439860760,-0.0115119,-0.0504224,-2.86768
1481271439883307,-0.0115119,-0.0504224,-2.86768
1481271439904309,-0.0109339,-0.0507483,-2.86793
1481271439920767,-0.010194,-0.050727,-2.86783
1481271439943771,-0.00976713,-0.0502926,-2.86772
1481271439964284,-0.0108168,-0.049901,-2.86793
1481271439980775,-0.0123801,-0.0505492,-2.86813
1481271440003301,-0.0108004,-0.0507691,-2.86845
1481271440024781,-0.00970037,-0.0507941,-2.86819
1481271440040783,-0.00968367,-0.0506731,-2.86819
1481271440063306,-0.00928416,-0.0504841,-2.86837
1481271440084306,-0.00926536,-0.050485,-2.86906
1481271440100791,-0.0101127,-0.0503689,-2.86904
1481271440123793,-0.0100781,-0.0509906,-2.86893
1481271440144831,-0.00941514,-0.0515745,-2.86906
1481271440160799,-0.00880665,-0.0516575,-2.86919
1481271440183802,-0.0085416,-0.051573,-2.86948
1481271440204306,-0.0105869,-0.0512923,-2.8699
1481271440220806,-0.0119236,-0.0519736,-2.86952
1481271440243308,-0.0102618,-0.0524475,-2.86956
1481271440264312,-0.00881905,-0.0527675,-2.86983
1481271440280814,-0.0098989,-0.0526191,-2.87015
1481271440302852,-0.0113071,-0.0530433,-2.87035
1481271440324825,-0.0109936,-0.053456,-2.87036
1481271440339827,-0.0106984,-0.053126,-2.87048
1481271440363828,-0.0105785,-0.0542537,-2.87147
1481271440384831,-0.0105366,-0.0548758,-2.87159
1481271440399831,-0.0115782,-0.0552282,-2.87133
1481271440421848,-0.0115782,-0.0552282,-2.87133
1481271440444849,-0.0105468,-0.0548752,-2.87124
1481271440459851,-0.00935578,-0.0551607,-2.87115
1481271440482916,-0.00873079,-0.0549971,-2.87065
1481271440505439,-0.00867744,-0.0547588,-2.8714
1481271440520374,-0.00849101,-0.0552762,-2.87176
1481271440542943,-0.00910675,-0.0551938,-2.87139
1481271440564884,-0.00961792,-0.0552488,-2.87103
1481271440580880,-0.00960139,-0.0551277,-2.87103
1481271440602946,-0.00922048,-0.0553026,-2.87226
1481271440624900,-0.010227,-0.0557861,-2.87384
1481271440640926,-0.00979745,-0.0563362,-2.87421
1481271440662408,-0.00868159,-0.0562403,-2.874
1481271440684805,-0.00789557,-0.0568389,-2.87414
1481271440700809,-0.00756817,-0.0562658,-2.87427
1481271440721989,-0.00744597,-0.0564066,-2.8749
1481271440744910,-0.00756711,-0.0563904,-2.8749
1481271440760913,-0.00798053,-0.0565803,-2.87426
1481271440782979,-0.00798053,-0.0565803,-2.87426
1481271440804995,-0.0079642,-0.0564592,-2.87426
1481271440829014,-0.0079642,-0.0564592,-2.87426
1481271440842013,-0.00744945,-0.0564066,-2.87479
1481271440865016,-0.00722807,-0.0568024,-2.87573
1481271440881031,-0.0069423,-0.0574566,-2.87585
1481271440902019,-0.00609573,-0.0574492,-2.87529
1481271440925034,-0.00593995,-0.0570989,-2.87478
1481271440941070,-0.00546243,-0.0571641,-2.87456
1481271440962039,-0.00424191,-0.0563414,-2.87459
1481271440985039,-0.0040147,-0.0566186,-2.87523
1481271441000041,-0.00442198,-0.0570568,-2.87597
1481271441022063,-0.00530243,-0.0571858,-2.87595
1481271441045068,-0.00664212,-0.0570045,-2.87563
1481271441061069,-0.00536928,-0.056682,-2.87554
1481271441082067,-0.0044436,-0.0561899,-2.87545
1481271441105615,-0.00504927,-0.0561089,-2.87543
1481271441121148,-0.00493748,-0.0562459,-2.87567
1481271441142250,-0.00495939,-0.0564912,-2.87607
1481271441165159,-0.00563128,-0.0567709,-2.87542
1481271441195162,-0.00569055,-0.0571346,-2.87507
1481271441202163,-0.00621487,-0.0564478,-2.87505
1481271441225177,-0.00685933,-0.0558691,-2.87566
1481271441247178,-0.00733108,-0.0556798,-2.87549
1481271441262179,-0.0073062,-0.0553164,-2.87467
1481271441285182,-0.007575,-0.0554016,-2.87426
1481271441307688,-0.0072702,-0.0550742,-2.87479
1481271441322197,-0.00648716,-0.0549324,-2.87567
1481271441345201,-0.00733508,-0.054819,-2.87565
1481271441369200,-0.00862836,-0.0551379,-2.87498
1481271441382203,-0.00818928,-0.0555662,-2.87511
1481271441405286,-0.00818928,-0.0555662,-2.87511
1481271441427310,-0.00834543,-0.0559136,-2.87558
1481271441442311,-0.0089782,-0.055093,-2.87549
1481271441465313,-0.0097902,-0.0547375,-2.87558
1481271441487314,-0.0102585,-0.0545516,-2.87557
1481271441504314,-0.00944974,-0.0549035,-2.87531
1481271441525351,-0.00894568,-0.0548507,-2.87549
1481271441555354,-0.00917776,-0.0548186,-2.87583
1481271441564354,-0.00973756,-0.0544995,-2.87633
1481271441586354,-0.00985869,-0.0544833,-2.87633
1481271441607992,-0.0109455,-0.0543382,-2.87642
1481271441624531,-0.0113585,-0.0537896,-2.87664
1481271441644477,-0.0108252,-0.0536163,-2.87729
1481271441667484,-0.0102157,-0.0538223,-2.87805
1481271441691482,-0.0116188,-0.0542524,-2.87837
1481271441704483,-0.0114831,-0.0550072,-2.87797
1481271441728559,-0.0108613,-0.0549663,-2.87799
1481271441767534,-0.0109663,-0.0548291,-2.87798
1481271441772590,-0.00921864,-0.0546938,-2.87819
1481271441794500,-0.00964978,-0.0551267,-2.87802
1481271441804564,-0.0106419,-0.0551191,-2.87776
1481271441832609,-0.00996572,-0.0545932,-2.87743
1481271441847516,-0.00922609,-0.0545684,-2.87733
1481271441864519,-0.0085585,-0.0542857,-2.87781
1481271441884611,-0.0085585,-0.0542857,-2.87781
1481271441907525,-0.00917428,-0.0542051,-2.87745
1481271441923661,-0.00917428,-0.0542051,-2.87745
1481271441945555,-0.00789167,-0.0538814,-2.87771
1481271441968604,-0.00789167,-0.0538814,-2.87771
1481271441983696,-0.00855371,-0.0534253,-2.87833
1481271442006630,-0.00944999,-0.0536766,-2.8783
1481271442045171,-0.00914474,-0.0540844,-2.87791
1481271442050159,-0.00794002,-0.0542448,-2.87771
1481271442072205,-0.00699489,-0.0537548,-2.87837
1481271442087161,-0.00775598,-0.053037,-2.87858
1481271442111671,-0.00914335,-0.053224,-2.87831
1481271442124680,-0.00861708,-0.0529245,-2.87809
1481271442147683,-0.00786564,-0.0537637,-2.87811
1481271442163680,-0.00784955,-0.0536425,-2.87811
1481271442184778,-0.00784955,-0.0536425,-2.87811
1481271442215196,-0.00751724,-0.0529477,-2.87788
1481271442224310,-0.00662729,-0.0528177,-2.87826
1481271442246307,-0.00593259,-0.0531562,-2.87827
1481271442267392,-0.00593259,-0.0531562,-2.87827
1481271442284310,-0.00581144,-0.0531722,-2.87828
1481271442322426,-0.00512839,-0.0527706,-2.87881
1481271442327424,-0.00473946,-0.0525734,-2.87854
1481271442351426,-0.00424184,-0.05264,-2.87907
1481271442365561,-0.00342906,-0.0529945,-2.87897
1481271442389498,-0.00217863,-0.0530345,-2.87987
1481271442403430,0.00152574,-0.0574465,-2.88326
1481271442424768,-0.000202784,-0.0681811,-2.8843
1481271442454757,-0.00697509,-0.0501881,-2.89438
1481271442462680,0.00036231,-0.0599526,-2.89639
1481271442486678,-0.00266003,-0.052586,-2.88737
1481271442507712,-0.00363362,-0.0523388,-2.88659
1481271442523828,0.000994186,-0.0543966,-2.88991
1481271442546754,-0.00429068,-0.0529897,-2.88815
1481271442567759,-0.00465542,-0.0518377,-2.88743
1481271442582819,-0.00219824,-0.049073,-2.88788
1481271442606757,-0.00455582,-0.0507378,-2.89062
1481271442627808,-0.00633904,-0.0511299,-2.89022
1481271442643870,-0.00540937,-0.052232,-2.88875
1481271442666874,-0.00365831,-0.0525808,-2.88683
1481271442687870,-0.00358668,-0.0572649,-2.88878
1481271442703877,-0.00890315,-0.0639784,-2.88785
1481271442726934,-0.0171936,-0.0693282,-2.88861
1481271442747930,-0.00466894,-0.0502294,-2.89333
1481271442762914,-0.000239295,-0.0457299,-2.89566
1481271442786930,0.000737567,-0.0425337,-2.89409
1481271442808026,-0.00466102,-0.0443249,-2.89375
1481271442823099,-0.00645385,-0.0421321,-2.89493
1481271442847053,-0.00677347,-0.0428325,-2.89555
1481271442868067,-0.00911414,-0.0409554,-2.90189
1481271442883037,-0.0144112,-0.035163,-2.90358
1481271442906099,-0.0144311,-0.0350274,-2.90161
1481271442927556,-0.0146387,-0.0394184,-2.89934
1481271442949556,-0.0134976,-0.0410299,-2.89861
1481271442966563,-0.0162716,-0.0416806,-2.89919
1481271442987642,-0.0182566,-0.0457391,-2.89858
1481271443003560,-0.0221775,-0.0457612,-2.89937
1481271443026200,-0.0272514,-0.0444312,-2.9016
1481271443047200,-0.0277837,-0.0452548,-2.90402
1481271443063200,-0.0262736,-0.0450722,-2.90457
1481271443086269,-0.0275607,-0.0487343,-2.90494
1481271443107739,-0.0276183,-0.0479783,-2.90396
1481271443123811,-0.0278618,-0.0441536,-2.90549
1481271443146753,-0.0237067,-0.0499946,-2.89828
1481271443167755,-0.03045,-0.0604276,-2.89282
1481271443189834,-0.0238181,-0.0580029,-2.88645
1481271443206754,-0.0224931,-0.061352,-2.88359
1481271443227773,-0.022007,-0.0644781,-2.88088
1481271443249774,-0.023837,-0.0641085,-2.87996
1481271443265782,-0.0202242,-0.0648295,-2.8803
1481271443287880,-0.0134331,-0.0633852,-2.88252
1481271443310289,-0.00386223,-0.0583468,-2.88409
1481271443325800,-0.00412589,-0.0606563,-2.88122
1481271443347803,-0.00537332,-0.0613602,-2.87973
1481271443369872,-0.00664947,-0.0641471,-2.87828
1481271443385807,-0.00341559,-0.0661761,-2.87989
1481271443409322,-0.00288132,-0.0648806,-2.88348
1481271443429862,-0.00338964,-0.063071,-2.89109
1481271443445847,-0.00413914,-0.0600169,-2.89428
1481271443468891,-0.00279017,-0.0603054,-2.89531
1481271443489918,-0.00149849,-0.0658792,-2.8957
1481271443505848,0.00152078,-0.0684667,-2.89617
1481271443529391,0.000205544,-0.0700286,-2.89574
1481271443550492,-0.00258,-0.0720201,-2.897
1481271443565491,0.00234218,-0.0734741,-2.89848
1481271443589426,0.00624299,-0.0729634,-2.89914
1481271443610473,0.00671634,-0.0757138,-2.901
1481271443634495,0.00254421,-0.0790162,-2.90205
1481271443649506,0.00150881,-0.080612,-2.9025
1481271443671495,-0.000322576,-0.0794119,-2.90234
1481271443685572,-9.77897e-005,-0.077225,-2.90134
1481271443710589,-0.00393969,-0.0762709,-2.90083
1481271443737213,-0.00319578,-0.0763526,-2.90445
1481271443746106,-0.00510278,-0.0763654,-2.90607
1481271443777127,-0.00774662,-0.0758065,-2.90597
1481271443790185,-0.00897644,-0.0717274,-2.90623
1481271443806174,-0.00843701,-0.0668693,-2.90517
1481271443828819,-0.00699942,-0.0650707,-2.90497
1481271443849827,-0.00875363,-0.0649857,-2.90369
1481271443865824,-0.0149912,-0.0643604,-2.90251
1481271443888818,-0.0190206,-0.0599405,-2.90221
1481271443911928,-0.0205222,-0.0571798,-2.90257
1481271443925220,-0.0242226,-0.0578247,-2.9007
1481271443949137,-0.0268402,-0.060563,-2.89848
1481271443978133,-0.0266081,-0.0644002,-2.89748
1481271443987137,-0.0277174,-0.0680649,-2.89623
1481271444016719,-0.027028,-0.0693806,-2.89601
1481271444029728,-0.0261036,-0.0672912,-2.89743
1481271444054730,-0.0270846,-0.0687866,-2.8992
1481271444068731,-0.0305741,-0.0699572,-2.89857
1481271444089747,-0.0327414,-0.0712799,-2.89758
1481271444105803,-0.0312517,-0.0734438,-2.89848
1481271444128622,-0.0299012,-0.0747213,-2.89923
1481271444157688,-0.0291583,-0.0759293,-2.9
1481271444165689,-0.029427,-0.0763943,-2.90081
1481271444189591,-0.0330687,-0.0724956,-2.89942
1481271444210095,-0.0359387,-0.0634649,-2.89469
1481271444226107,-0.0341443,-0.0598684,-2.89447
1481271444265131,-0.0305586,-0.0619228,-2.89529
1481271444270129,-0.0282567,-0.0665259,-2.8965
1481271444294110,-0.0287717,-0.0715032,-2.8959
1481271444308630,-0.0273776,-0.0720374,-2.89543
1481271444331702,-0.0262042,-0.0711915,-2.89441
1481271444345703,-0.0243406,-0.0716553,-2.89309
1481271444367705,-0.0240823,-0.075127,-2.89194
1481271444398707,-0.0244384,-0.0797578,-2.89147
1481271444405705,-0.0229958,-0.0821592,-2.89199
1481271444436264,-0.0248091,-0.0827959,-2.8918
1481271444451312,-0.0259175,-0.0827807,-2.89176
1481271444466308,-0.025069,-0.0839978,-2.89214
1481271444488337,-0.0235384,-0.0866514,-2.89251
1481271444511885,-0.020964,-0.0888231,-2.89285
1481271444541334,-0.0158693,-0.0903176,-2.89255
1481271444548331,-0.0120108,-0.0895667,-2.89138
1481271444572338,-0.0119843,-0.0874745,-2.88881
1481271444585334,-0.0111616,-0.0847477,-2.88557
1481271444608336,-0.0113307,-0.0807847,-2.88402
1481271444639363,-0.0162415,-0.0751086,-2.88769
1481271444652357,-0.00596419,-0.0729638,-2.8918
1481271444676360,-0.0094046,-0.070689,-2.89774
1481271444691361,-0.00829485,-0.0633168,-2.90027
1481271444714477,-0.00900027,-0.0573281,-2.90178
1481271444728456,-0.00934243,-0.0521227,-2.90232
1481271444751454,-0.0089963,-0.0494583,-2.90331
1481271444780524,-0.0109361,-0.0513182,-2.9035
1481271444788455,-0.0123877,-0.0540954,-2.90307
1481271444820468,-0.0130636,-0.052664,-2.90357
1481271444832548,-0.0151955,-0.0499482,-2.90364
1481271444848479,-0.0176791,-0.0451067,-2.90415
1481271444871519,-0.0183353,-0.0402284,-2.90369
1481271444892485,-0.018048,-0.0380594,-2.90508
1481271444915530,-0.0168245,-0.035135,-2.90587
1481271444931314,-0.0156175,-0.0281519,-2.90659
1481271444954257,-0.0169696,-0.0104039,-2.9055
1481271444968219,-0.0143136,0.0181755,-2.90498
1481271444991313,-0.0121857,0.0505089,-2.9046
1481271445020301,-0.0124347,0.0804274,-2.9044
1481271445028350,-0.0141051,0.0967381,-2.90525
1481271445059350,-0.0183605,0.1124,-2.90439
1481271445097384,-0.0188915,0.140268,-2.89928
1481271445099353,-0.0161232,0.167754,-2.89563
1481271445111884,-0.0151504,0.190113,-2.89481
1481271445132547,-0.0156992,0.21614,-2.89525
1481271445148466,-0.0153924,0.24161,-2.89505
1481271445170556,-0.0127981,0.270576,-2.89395
1481271445193470,-0.0130658,0.31999,-2.89879
1481271445208469,-0.010765,0.374783,-2.8979
1481271445230897,-0.00463637,0.42228,-2.89568
1481271445252956,0.00209006,0.467273,-2.89393
1481271445267931,0.00709252,0.517419,-2.89248
1481271445298901,0.010065,0.564431,-2.89305
1481271445313917,0.00674802,0.608463,-2.89756
1481271445336469,0.00394041,0.658189,-2.9003
1481271445374582,0.00181474,0.712263,-2.89913
1481271445377513,-0.000505641,0.765241,-2.90098
1481271445388473,-0.00713321,0.817531,-2.90496
1481271445411040,-0.0104051,0.867226,-2.90653
1481271445441881,-0.00439102,0.919895,-2.90205
1481271445447821,-0.00159481,0.972583,-2.90214
1481271445470843,-0.00546372,1.01842,-2.9084
1481271445493818,-0.00360488,1.06211,-2.90269
1481271445507952,-0.00565675,1.10733,-2.89513
1481271445531085,-0.0171309,1.15308,-2.90091
1481271445554087,-0.032091,1.20418,-2.91615
1481271445577153,-0.0446684,1.25214,-2.9303
1481271445591090,-0.0519064,1.29202,-2.9361
1481271445614103,-0.0303341,1.32038,-2.91596
1481271445653232,-0.0114752,1.35763,-2.89337
1481271445657169,-0.00709642,1.39391,-2.88606
1481271445681212,-0.0145697,1.43147,-2.89749
1481271445695174,0.00905944,1.46672,-2.87462
1481271445719180,0.0561692,1.4959,-2.82959
1481271445733694,0.21482,1.52611,-2.66812
1481271445754691,0.421455,1.54553,-2.45814
1481271445770742,2.01364,1.5708,-0.879361
1481271445793693,2.87214,1.54289,-0.00823161
1481271445822708,2.94859,1.52394,0.0694594
1481271445830717,2.94751,1.49578,0.0731094
1481271445853783,2.97826,1.46985,0.109028
1481271445874716,3.0104,1.44274,0.147356
1481271445890721,3.05706,1.42506,0.197237
1481271445929778,3.07562,1.41439,0.223004
1481271445934809,3.10308,1.40669,0.258066
1481271445958753,3.11822,1.40226,0.282023
1481271445973746,3.11699,1.39809,0.28559
1481271445996748,3.11954,1.39462,0.287438
1481271446011254,3.13413,1.39848,0.300953
1481271446034456,-3.10582,1.40656,0.341414
1481271446062446,-3.08135,1.41476,0.36542
1481271446071481,-3.05662,1.42114,0.392197
1481271446101418,-3.04067,1.42165,0.40724
1481271446115515,-3.03467,1.41985,0.412751
1481271446130949,-3.03548,1.41961,0.412337
1481271446153043,-3.04341,1.42788,0.407197
1481271446174945,-3.0425,1.43928,0.411595
1481271446204951,-3.03044,1.44554,0.421945
1481271446213450,-3.02841,1.44739,0.424003
1481271446237082,-3.01929,1.44828,0.432765
1481271446250962,-3.00704,1.44935,0.443737
1481271446273004,-2.99214,1.45069,0.459181
1481271446303966,-2.98463,1.45533,0.467837
1481271446310976,-2.99513,1.45888,0.457174
1481271446342030,-3.00577,1.45604,0.445333
1481271446356088,-3.00347,1.4543,0.445951
1481271446378988,-3.01219,1.4563,0.437105
1481271446393061,-2.99456,1.46015,0.453963
1481271446416504,-2.97464,1.46235,0.473025
1481271446430957,-2.98074,1.45869,0.466834
1481271446453081,-2.9914,1.45614,0.455235
1481271446485023,-2.99925,1.45429,0.44766
1481271446490959,-3.00829,1.45593,0.439172
1481271446513973,-3.02136,1.45894,0.425148
1481271446536062,-3.03013,1.46143,0.416036
1481271446550985,-3.04047,1.46345,0.405206
1481271446581118,-3.0538,1.46526,0.3929
1481271446596055,-3.04773,1.46691,0.399354
1481271446619500,-3.05188,1.46721,0.393005
1481271446640116,-3.04054,1.46854,0.401178
1481271446657065,-3.05239,1.47042,0.38681
1481271446671015,-3.06628,1.47159,0.370967
1481271446694015,-3.06739,1.47039,0.367976
1481271446724595,-3.07001,1.47195,0.364774
1481271446731036,-3.07554,1.47336,0.358295
1481271446762074,-3.07854,1.47515,0.355467
1481271446776103,-3.08082,1.47638,0.351563
1481271446798047,-3.07171,1.47839,0.358689
1481271446813554,-3.08273,1.48065,0.347237
1481271446836126,-3.08878,1.47971,0.339921
1481271446859057,-3.08797,1.47737,0.340802
1481271446873101,-3.08636,1.47598,0.343877
1481271446897123,-3.06476,1.47671,0.366617
1481271446918074,-3.05838,1.47667,0.371968
1481271446933896,-3.04292,1.47807,0.387183
1481271446956985,-3.05746,1.4769,0.372355
1481271446977967,-3.06745,1.4761,0.362537
1481271447001943,-3.0643,1.47687,0.366583
1481271447016953,-3.05687,1.47928,0.373518
1481271447039915,-3.05624,1.47754,0.37307
1481271447053851,-3.03932,1.47668,0.388925
1481271447075850,-3.02584,1.47633,0.403013
1481271447104852,-3.0228,1.47539,0.405004
1481271447113364,-3.03087,1.47657,0.397019
1481271447136475,-3.03366,1.47829,0.394682
1481271447157475,-3.04044,1.47779,0.387929
1481271447173473,-3.0605,1.47392,0.365982
1481271447195513,-3.06564,1.47273,0.360398
1481271447218991,-3.0803,1.47745,0.345927
1481271447241000,-3.06063,1.48058,0.366491
1481271447255997,-3.05533,1.48021,0.371338
1481271447279004,-3.04746,1.47834,0.378405
1481271447318013,-3.04548,1.47806,0.380084
1481271447323100,-3.0405,1.47867,0.384583
1481271447346054,-3.01421,1.47951,0.410461
1481271447353025,-2.99205,1.47985,0.432882
1481271447384025,-2.9829,1.47954,0.443428
1481271447399022,-2.98799,1.48092,0.43789
1481271447414036,-2.98995,1.48248,0.43563
1481271447435794,-2.97768,1.48542,0.447846
1481271447458796,-2.99081,1.48683,0.43465
1481271447472805,-2.98869,1.48789,0.437017
1481271447495798,-2.97403,1.4911,0.453183
1481271447519315,-2.94226,1.49339,0.484555
1481271447533093,-2.93699,1.49629,0.489643
1481271447556091,-2.911,1.50264,0.514265
1481271447579092,-2.84518,1.51164,0.579454
1481271447600095,-2.70031,1.52083,0.724215
1481271447616109,-2.44059,1.53178,0.986723
1481271447638717,-1.95531,1.53968,1.47459
1481271447661620,-1.32838,1.53693,2.09753
1481271447675621,-0.771323,1.5258,2.66084
1481271447698645,-0.452508,1.4974,2.98177
1481271447720133,-0.300206,1.46614,3.13938
1481271447735643,-0.219659,1.43681,-3.06132
1481271447758646,-0.168117,1.41019,-3.01114
1481271447779645,-0.131768,1.38799,-2.9795
1481271447795647,-0.109299,1.36732,-2.96096
1481271447819181,-0.101019,1.34574,-2.95602
1481271447839749,-0.0892517,1.32206,-2.94929
1481271447855691,-0.0764789,1.29831,-2.94048
1481271447878820,-0.0564444,1.26862,-2.91734
1481271447899695,-0.0503602,1.24007,-2.91042
1481271447916235,-0.0401114,1.21441,-2.90587
1481271447939494,-0.0345542,1.18906,-2.90054
1481271447959500,-0.0327532,1.1595,-2.90051
1481271447975561,-0.0285862,1.12278,-2.89692
1481271447998505,-0.0217429,1.08225,-2.88622
1481271448020548,-0.0158448,1.04355,-2.87843
1481271448036020,-0.00860025,1.00705,-2.87317
1481271448058027,-0.00406024,0.974767,-2.87128
1481271448080106,-0.0022695,0.93839,-2.87173
1481271448096023,0.000318643,0.902705,-2.87173
1481271448118538,0.00663133,0.866565,-2.86923
1481271448140119,0.00709631,0.834421,-2.87278
1481271448156045,0.000983783,0.8068,-2.88236
1481271448169136,-0.00737469,0.775848,-2.88676
1481271448192046,-0.00375499,0.737733,-2.88714
1481271448215571,0.00340997,0.69803,-2.88782
1481271448229068,-0.00201177,0.659769,-2.89469
1481271448252070,-0.0107515,0.626654,-2.89988
1481271448275074,-0.0161524,0.59742,-2.89981
1481271448289072,-0.025146,0.567009,-2.89891
1481271448312630,-0.0305821,0.537089,-2.8956
1481271448334656,-0.0265894,0.506306,-2.88951
1481271448349656,-0.0216265,0.479124,-2.88398
1481271448371738,-0.0179079,0.456919,-2.87978
1481271448394659,-0.0166098,0.430707,-2.87793
1481271448410658,-0.0164626,0.39997,-2.87784
1481271448431958,-0.0212283,0.366857,-2.87883
1481271448454880,-0.0283349,0.339345,-2.87751
1481271448477910,-0.0284898,0.313733,-2.87549
1481271448491887,-0.0318682,0.282673,-2.87576
1481271448515472,-0.0348037,0.252361,-2.8763
1481271448537432,-0.037968,0.224755,-2.87663
1481271448552420,-0.035935,0.196469,-2.8774
1481271448583479,-0.0285529,0.165733,-2.87994
1481271448597418,-0.021605,0.133401,-2.88283
1481271448611933,-0.0174318,0.107063,-2.88401
1481271448634062,-0.0145627,0.0893916,-2.88741
1481271448658104,-0.0220507,0.07728,-2.88827
1481271448672154,-0.0318526,0.0723392,-2.89006
1481271448694065,-0.0418034,0.0661841,-2.89619
1481271448717675,-0.040963,0.0647936,-2.90353
1481271448731716,-0.03598,0.0389357,-2.89968
1481271448754843,-0.0423815,-0.000668891,-2.90159
1481271448777708,-0.045478,-0.0223232,-2.90216
1481271448791755,-0.0477693,-0.0318522,-2.90045
1481271448814838,-0.0499703,-0.044734,-2.89968
1481271448837868,-0.0509386,-0.0614526,-2.89865
1481271448860799,-0.0481963,-0.079737,-2.89739
1481271448874787,-0.0440378,-0.102392,-2.8963
1481271448897866,-0.0408615,-0.116009,-2.89944
1481271448912313,-0.0425116,-0.12641,-2.89942
1481271448934491,-0.0357093,-0.133754,-2.89856
1481271448965492,-0.0289536,-0.139996,-2.89863
1481271448971489,-0.0285804,-0.133262,-2.89917
1481271448994494,-0.0354185,-0.126034,-2.89976
1481271449018082,-0.0298828,-0.119688,-2.90102
1481271449032056,-0.0262088,-0.117788,-2.90091
1481271449054037,-0.0248742,-0.117449,-2.89988
1481271449077039,-0.0232851,-0.120101,-2.89894
1481271449092036,-0.0232136,-0.120473,-2.89686
1481271449114573,-0.0202812,-0.122182,-2.89589
1481271449138677,-0.0181411,-0.125156,-2.89658
1481271449151612,-0.0155222,-0.123017,-2.89681
1481271449174676,-0.0152568,-0.120832,-2.89673
1481271449197643,-0.0187131,-0.120772,-2.89649
1481271449211641,-0.0181188,-0.120724,-2.89605
1481271449234025,-0.0160247,-0.122462,-2.89555
1481271449258075,-0.0130783,-0.1243,-2.89506
1481271449272028,-0.0147016,-0.124722,-2.89363
1481271449294031,-0.0147688,-0.12348,-2.89401
1481271449318065,-0.012926,-0.123707,-2.89436
1481271449332049,-0.0117621,-0.124963,-2.89381
1481271449354051,-0.0128735,-0.127536,-2.89494
1481271449377055,-0.0154224,-0.127829,-2.89608
1481271449392054,-0.0157313,-0.128044,-2.89745
1481271449416137,-0.0146022,-0.129039,-2.89772
1481271449437146,-0.0137789,-0.130255,-2.89755
1481271449452228,-0.0148956,-0.13246,-2.8978
1481271449474155,-0.0157885,-0.136295,-2.89706
1481271449497231,-0.016236,-0.142408,-2.8962
1481271449512318,-0.0158623,-0.148986,-2.89559
1481271449535937,-0.0146466,-0.154569,-2.89636
1481271449566037,-0.0138234,-0.161328,-2.89704
1481271449572025,-0.0146711,-0.168255,-2.89858
1481271449603019,-0.0145328,-0.178514,-2.89901
1481271449618000,-0.0149683,-0.191309,-2.89924
1481271449633457,-0.0151647,-0.209579,-2.89985
1481271449654539,-0.0178046,-0.227444,-2.90128
1481271449677542,-0.0216698,-0.248765,-2.904
1481271449692460,-0.0301825,-0.273067,-2.90316
1481271449714479,-0.0359537,-0.293886,-2.90151
1481271449737185,-0.0372661,-0.314513,-2.90066
1481271449752198,-0.0317887,-0.340718,-2.9021
1481271449776111,-0.0293618,-0.371493,-2.90392
1481271449814140,-0.024985,-0.41107,-2.90719
1481271449816638,-0.0184589,-0.4468,-2.90886
1481271449842648,-0.0141114,-0.478975,-2.90973
1481271449857654,-0.0117112,-0.512214,-2.91017
1481271449879717,-0.006579,-0.546203,-2.91366
1481271449894732,-0.00502865,-0.583803,-2.91623
1481271449917665,-0.0105784,-0.61688,-2.91511
1481271449932336,-0.0133127,-0.64849,-2.91248
1481271449954281,-0.0116566,-0.680946,-2.91249
1481271449986334,-0.0110845,-0.714047,-2.91319
1481271449992208,-0.012186,-0.751807,-2.91459
1481271450016252,-0.0108815,-0.788919,-2.91823
1481271450037779,-0.0152298,-0.824112,-2.91539
1481271450053700,-0.0155327,-0.859465,-2.91318
1481271450090708,-0.00813609,-0.894742,-2.91631
1481271450096701,-0.00512048,-0.928875,-2.91979
1481271450120296,0.000247824,-0.963607,-2.92299
1481271450134858,0.00442475,-0.999287,-2.92837
1481271450158869,0.00706419,-1.0378,-2.93396
1481271450171805,0.0110128,-1.07285,-2.93946
1481271450197807,0.014702,-1.1043,-2.94369
1481271450225822,0.0147702,-1.13497,-2.94589
1481271450231827,0.0137235,-1.15879,-2.94455
1481271450265830,0.0163392,-1.1835,-2.95017
1481271450276832,0.0168797,-1.21046,-2.95321
1481271450299834,0.016607,-1.23362,-2.95426
1481271450314926,0.0202289,-1.25239,-2.95695
1481271450336518,0.0224057,-1.2748,-2.95774
1481271450377618,0.0226582,-1.30455,-2.95974
1481271450382515,0.022701,-1.33263,-2.96078
1481271450398516,0.0432395,-1.36345,-2.98103
1481271450420565,0.0370561,-1.39951,-2.97888
1481271450436044,0.0159409,-1.43411,-2.95561
1481271450467044,-0.000116989,-1.47314,-2.93243
1481271450480059,0.00693316,-1.50616,-2.93448
1481271450503106,-0.020833,-1.53077,-2.90256
1481271450517106,-0.103002,-1.5708,-2.82097
1481271450540098,-2.72268,-1.5708,-0.197961
1481271450554208,-2.90992,-1.5503,-0.00188147
1481271450586170,-2.94997,-1.53137,0.0413862
1481271450608103,-2.99771,-1.50771,0.0909475
1481271450614612,-3.02611,-1.48137,0.119382
1481271450647794,-3.04815,-1.46606,0.145914
1481271450659789,-3.07377,-1.44996,0.173227
1481271450675790,-3.09916,-1.43479,0.199765
1481271450696795,-3.12722,-1.42368,0.232377
1481271450720509,3.13617,-1.41596,0.253605
1481271450743465,3.10355,-1.40844,0.286692
1481271450756465,3.08109,-1.40491,0.310219
1481271450779488,3.06689,-1.40332,0.324139
1481271450794464,3.04919,-1.40177,0.339698
1481271450818497,3.03841,-1.40179,0.348534
1481271450848508,3.04253,-1.39973,0.343477
1481271450854507,3.04781,-1.40113,0.340371
1481271450885543,3.03957,-1.40173,0.349477
1481271450899568,3.03363,-1.40149,0.35401
1481271450925532,3.03724,-1.40439,0.350439
1481271450937312,3.05401,-1.40547,0.334721
1481271450960285,3.05377,-1.4073,0.337285
1481271450974215,3.03848,-1.40865,0.351621
1481271450997212,3.03778,-1.41076,0.350222
1481271451029310,3.03305,-1.41355,0.353857
1481271451034453,3.03103,-1.4152,0.356059
1481271451058458,3.03523,-1.41576,0.352884
1481271451096534,3.03531,-1.41806,0.353199
1481271451098472,3.01616,-1.41823,0.371446
1481271451125533,2.99833,-1.42068,0.389107
1481271451139714,2.98577,-1.42392,0.40077
1481271451162629,2.97894,-1.42467,0.407175
1481271451201633,2.96897,-1.42905,0.41597
1481271451203629,2.9521,-1.43307,0.433163
1481271451214629,2.95011,-1.43987,0.436456
1481271451237153,2.95003,-1.44495,0.43611
1481271451268151,2.93869,-1.45193,0.447649
1481271451274154,2.93068,-1.45927,0.457089
1481271451298152,2.91273,-1.46772,0.477499
1481271451319665,2.89231,-1.47671,0.498459
1481271451337841,2.88587,-1.48795,0.503992
1481271451356846,2.85906,-1.50059,0.531325
1481271451379976,2.82348,-1.51163,0.568212
1481271451402875,2.81893,-1.51916,0.5734
1481271451417364,2.77168,-1.52747,0.62007
1481271451440929,2.63131,-1.54237,0.763162
1481271451455044,2.07912,-1.55647,1.32019
1481271451485009,1.25829,-1.55496,2.13894
1481271451507942,0.80454,-1.54802,2.58457
1481271451513934,0.406248,-1.53817,2.97923
1481271451544577,0.15524,-1.51955,-3.05082
1481271451559563,0.09797,-1.49177,-2.99011
1481271451577560,0.0980883,-1.46485,-2.99188
1481271451596642,0.0867563,-1.43693,-2.98426
1481271451619574,0.062206,-1.4081,-2.96211
1481271451659108,0.0506224,-1.37053,-2.94713
1481271451661109,0.0418985,-1.3254,-2.93828
1481271451681114,0.0343733,-1.27952,-2.93834
1481271451694137,0.0274769,-1.23932,-2.93973
1481271451718639,0.0138229,-1.19772,-2.92944
1481271451758178,0.0180041,-1.15377,-2.93082
1481271451762177,0.03453,-1.11689,-2.94399
1481271451793180,0.0341763,-1.08747,-2.94576
1481271451799181,0.0201731,-1.0587,-2.93378
1481271451824310,0.0149036,-1.02526,-2.92358
1481271451836871,0.0209262,-0.98985,-2.92449
1481271451859859,0.0276793,-0.956216,-2.92711
1481271451875792,0.0271312,-0.928158,-2.92834
1481271451896875,0.0145899,-0.896037,-2.91909
1481271451927809,0.00703057,-0.855025,-2.91265
1481271451935821,0.00201661,-0.809002,-2.90785
1481271451958852,0.00158397,-0.766017,-2.91015
1481271451979895,-0.00260637,-0.7242,-2.91027
1481271451996888,-0.00397903,-0.674371,-2.90841
1481271452034451,-0.00835072,-0.614169,-2.9041
1481271452039530,-0.00252888,-0.552482,-2.90348
1481271452063450,-0.00858633,-0.500885,-2.90033
1481271452076476,-0.015325,-0.450729,-2.89326
1481271452101517,-0.0109737,-0.405867,-2.89058
1481271452116128,-0.012516,-0.370454,-2.88974
1481271452137221,-0.016253,-0.341556,-2.89229
1481271452167221,-0.0216018,-0.312956,-2.8915
1481271452182144,-0.027744,-0.281476,-2.88921
1481271452205142,-0.0320463,-0.257702,-2.88701
1481271452219650,-0.0336617,-0.237035,-2.88835
1481271452241710,-0.0285322,-0.209442,-2.89261
1481271452256718,-0.0241366,-0.178218,-2.89619
1481271452279713,-0.0261964,-0.149574,-2.8969
1481271452312748,-0.026833,-0.117446,-2.89803
1481271452317228,-0.0282234,-0.0827684,-2.89533
1481271452340765,-0.0260974,-0.0530896,-2.89237
1481271452361766,-0.0211332,-0.0229051,-2.88809
1481271452379766,-0.00961872,0.010244,-2.88177
1481271452407767,0.000627666,0.0351267,-2.88302
1481271452422328,0.00254476,0.0542055,-2.88565
1481271452445349,0.00318375,0.0693959,-2.88456
1481271452459324,0.00449032,0.0780957,-2.88305
1481271452483514,0.00536787,0.078848,-2.88204
1481271452496517,0.00527873,0.0767644,-2.88369
1481271452520029,0.00193675,0.0765695,-2.88665
1481271452536069,-0.00449572,0.0746776,-2.88751
1481271452557072,-0.00837076,0.0721016,-2.8868
1481271452590100,-0.0087673,0.0705633,-2.88546
1481271452602179,-0.0086113,0.0647642,-2.88421
1481271452620079,-0.0106967,0.062822,-2.88378
1481271452639139,-0.0129071,0.0625083,-2.88224
1481271452662202,-0.0113242,0.0602207,-2.8811
1481271452685201,-0.0099377,0.0567125,-2.88118
1481271452699152,-0.0106048,0.0543409,-2.8807
1481271452723730,-0.0122278,0.0541843,-2.88074
1481271452744605,-0.0152955,0.0543371,-2.88107
1481271452760619,-0.0179652,0.054799,-2.88186
1481271452790600,-0.0174181,0.056321,-2.88261
1481271452798527,-0.0159739,0.0542781,-2.88317
1481271452828065,-0.0164524,0.0526091,-2.88379
1481271452842058,-0.0184095,0.0547055,-2.88423
1481271452867063,-0.0194044,0.0566726,-2.88488
1481271452879060,-0.0196876,0.055473,-2.8851
1481271452902136,-0.0197646,0.0521503,-2.88585
1481271452918669,-0.0208356,0.0487087,-2.88645
1481271452939727,-0.0266251,0.0470849,-2.88831
1481271452963724,-0.0349259,0.0467759,-2.88895
1481271452978725,-0.0441873,0.043539,-2.88833
1481271453001743,-0.054921,0.0383125,-2.88668
1481271453022315,-0.0650623,0.0332019,-2.88707
1481271453040313,-0.0757192,0.0306731,-2.886
1481271453067395,-0.0853989,0.0291098,-2.88552
1481271453082329,-0.0947651,0.0270803,-2.88378
1481271453106324,-0.108456,0.0203184,-2.88231
1481271453119899,-0.122289,0.0154092,-2.88131
1481271453144872,-0.139012,0.010202,-2.88132
1481271453158940,-0.154922,0.0074212,-2.882
1481271453180004,-0.17191,0.0040976,-2.88185
1481271453209873,-0.189472,0.00304813,-2.88193
1481271453218385,-0.208585,0.00354506,-2.88215
1481271453242397,-0.228533,-0.000283808,-2.8821
1481271453262433,-0.246279,-0.00633308,-2.88354
1481271453279462,-0.266544,-0.00997661,-2.88676
1481271453302401,-0.285247,-0.00804861,-2.88908
1481271453322493,-0.307799,-0.00679573,-2.89136
1481271453346454,-0.332851,-0.00842054,-2.89449
1481271453359434,-0.355791,-0.00995383,-2.89376
1481271453383482,-0.379976,-0.0121309,-2.89328
1481271453398426,-0.403802,-0.0158463,-2.89578
1481271453422435,-0.432223,-0.0190711,-2.8999
1481271453450539,-0.463926,-0.0207813,-2.90071
1481271453458447,-0.494639,-0.0190022,-2.89957
1481271453487446,-0.526884,-0.0163104,-2.89819
1481271453502514,-0.565992,-0.0157348,-2.89875
1481271453519954,-0.609634,-0.0184122,-2.90055
1481271453539464,-0.647351,-0.0174208,-2.90125
1481271453562531,-0.684067,-0.0116448,-2.90198
1481271453579466,-0.720748,-0.00780423,-2.90265
1481271453599486,-0.762409,-0.011362,-2.90108
1481271453621975,-0.792711,-0.0124375,-2.89856
1481271453638488,-0.82486,-0.0124016,-2.89778
1481271453659503,-0.861593,-0.0127586,-2.89697
1481271453683489,-0.897563,-0.0157647,-2.89292
1481271453698493,-0.928349,-0.0205645,-2.89102
1481271453721113,-0.959014,-0.0235119,-2.89022
1481271453741645,-0.99207,-0.026921,-2.88966
1481271453758646,-1.02827,-0.0297811,-2.88689
1481271453780718,-1.06418,-0.029771,-2.88667
1481271453801717,-1.09917,-0.0286555,-2.88817
1481271453818666,-1.1387,-0.0274775,-2.88705
1481271453840724,-1.17685,-0.0243954,-2.88595
1481271453861732,-1.21061,-0.0200867,-2.88303
1481271453878727,-1.24636,-0.015944,-2.88133
1481271453900798,-1.28188,-0.011211,-2.88097
1481271453924842,-1.31393,-0.0073147,-2.88123
1481271453938951,-1.34345,-0.00475767,-2.87963
1481271453960895,-1.37074,-0.00131595,-2.87878
1481271453981894,-1.39788,-0.0010758,-2.87762
1481271454003976,-1.42154,-0.00251082,-2.87595
1481271454021477,-1.44615,-0.000393063,-2.87541
1481271454042491,-1.46462,0.00136915,-2.87344
1481271454064451,-1.48289,0.00219339,-2.87017
1481271454081494,-1.50518,-0.00145543,-2.86778
1481271454102529,-1.5251,-0.00421114,-2.86748
1481271454133009,-1.54337,-0.00643161,-2.86508
1481271454141199,-1.5614,-0.00716627,-2.86289
1481271454162295,-1.58069,-0.0123646,-2.86004
1481271454184215,-1.60282,-0.0151367,-2.85844
1481271454201209,-1.62278,-0.0177689,-2.85738
1481271454222215,-1.64246,-0.0182293,-2.85622
1481271454244731,-1.66261,-0.0152453,-2.85582
1481271454260726,-1.68137,-0.0139387,-2.85562
1481271454281732,-1.69983,-0.0149866,-2.85612
1481271454304800,-1.71653,-0.0183319,-2.85574
1481271454321238,-1.73099,-0.0208738,-2.85435
1481271454341751,-1.74578,-0.0232513,-2.85367
1481271454364753,-1.75616,-0.0237143,-2.85308
1481271454380759,-1.76486,-0.0246146,-2.85174
1481271454401829,-1.76924,-0.0241493,-2.85072
1481271454424763,-1.76893,-0.0240576,-2.85028
1481271454441528,-1.76823,-0.020912,-2.85032
1481271454462627,-1.76671,-0.0179156,-2.84963
1481271454484523,-1.76142,-0.0151828,-2.8487
1481271454500531,-1.75789,-0.013499,-2.84852
1481271454522579,-1.75265,-0.0126385,-2.84799
1481271454544005,-1.75063,-0.0101732,-2.84747
1481271454560926,-1.74778,-0.0102371,-2.84735
1481271454582999,-1.74637,-0.0107781,-2.84825
1481271454605049,-1.74498,-0.0113035,-2.84789
1481271454621010,-1.74373,-0.0127725,-2.84753
1481271454641519,-1.74337,-0.0137619,-2.8472
1481271454664590,-1.74263,-0.0133063,-2.8477
1481271454681590,-1.73946,-0.0128214,-2.84788
1481271454703524,-1.7367,-0.0133961,-2.84786
1481271454724541,-1.73404,-0.0161791,-2.84701
1481271454741583,-1.73105,-0.0191768,-2.84726
1481271454763549,-1.72925,-0.0213125,-2.84645
1481271454784555,-1.73063,-0.0207829,-2.8468
1481271454801615,-1.73068,-0.0204496,-2.84829
1481271454823577,-1.72957,-0.0200406,-2.8488
1481271454844119,-1.72892,-0.0196277,-2.84788
1481271454861116,-1.72721,-0.0179061,-2.84847
1481271454883123,-1.72508,-0.0142882,-2.85083
1481271454904219,-1.72289,-0.0104408,-2.85246
1481271454921308,-1.71796,-0.00896683,-2.85226
1481271454943405,-1.7144,-0.00866759,-2.85189
1481271454967412,-1.71154,-0.00791588,-2.85152
1481271454980500,-1.70861,-0.00681742,-2.85232
1481271455003399,-1.706,-0.0047606,-2.85366
1481271455024948,-1.70328,-0.00438267,-2.85396
1481271455041488,-1.70015,-0.00513696,-2.85324
1481271455070558,-1.69838,-0.0051709,-2.85373
1481271455084552,-1.69491,-0.00378639,-2.85437
1481271455101516,-1.69177,-0.00246442,-2.85528
1481271455123548,-1.68862,-0.000685021,-2.85594
1481271455144060,-1.68547,-0.000606448,-2.8558
1481271455161058,-1.68291,0.000426337,-2.85586
1481271455183099,-1.67923,0.00125316,-2.85498
1481271455204065,-1.67553,0.00312025,-2.85566
1481271455221152,-1.66977,0.00306663,-2.85608
1481271455245158,-1.66405,0.00431968,-2.85636
1481271455264158,-1.65885,0.00692617,-2.85562
1481271455281159,-1.65217,0.00919652,-2.85547
1481271455303232,-1.64352,0.0114798,-2.85655
1481271455324670,-1.63277,0.0129829,-2.85699
1481271455340707,-1.62167,0.0140143,-2.85697
1481271455363715,-1.60769,0.0153944,-2.85724
1481271455384792,-1.59013,0.018207,-2.85722
1481271455400779,-1.57046,0.0202643,-2.85795
1481271455423722,-1.54704,0.0212136,-2.8595
1481271455444866,-1.52405,0.0240306,-2.86199
1481271455460763,-1.49388,0.0293977,-2.86489
1481271455483834,-1.46376,0.0336005,-2.86635
1481271455504900,-1.43194,0.036965,-2.86724
1481271455521363,-1.39611,0.0406914,-2.86682
1481271455543087,-1.35413,0.0419015,-2.86437
1481271455566070,-1.3096,0.0426317,-2.86215
1481271455581071,-1.26528,0.0446755,-2.86059
1481271455605076,-1.22118,0.0485551,-2.85833
1481271455642633,-1.17786,0.0533923,-2.85463
1481271455646607,-1.13251,0.0528908,-2.85132
1481271455670653,-1.0866,0.0491251,-2.84866
1481271455685637,-1.03767,0.04529,-2.84612
1481271455708598,-0.99056,0.0403197,-2.84523
1481271455723608,-0.945997,0.0365828,-2.84467
1481271455745623,-0.899282,0.0344436,-2.84379
1481271455762618,-0.852883,0.0300132,-2.84318
1481271455783619,-0.807467,0.0266213,-2.84269
1481271455813621,-0.76191,0.0278016,-2.84364
1481271455827137,-0.720192,0.026336,-2.8451
1481271455844646,-0.679272,0.0202663,-2.84449
1481271455865650,-0.64084,0.0152142,-2.84479
1481271455886655,-0.602588,0.0120359,-2.84719
1481271455918717,-0.567684,0.0112625,-2.84866
1481271455926163,-0.532639,0.0125272,-2.84836
1481271455949673,-0.497862,0.0140103,-2.84719
1481271455963675,-0.464361,0.0120585,-2.84658
1481271455987676,-0.43446,0.00851445,-2.8475
1481271456015680,-0.409045,0.00165676,-2.84958
1481271456022695,-0.379952,-0.000780702,-2.84981
1481271456052783,-0.352221,-0.00328938,-2.8495
1481271456067798,-0.326461,-0.00756711,-2.84873
1481271456089771,-0.302704,-0.0133043,-2.84875
1481271456105721,-0.281013,-0.0204749,-2.85057
1481271456127854,-0.262132,-0.0256302,-2.85384
1481271456142950,-0.242067,-0.0267016,-2.85643
1481271456164865,-0.220062,-0.0306514,-2.85604
1481271456196920,-0.19642,-0.0420458,-2.85968
1481271456202933,-0.176741,-0.0528556,-2.86121
1481271456226437,-0.157456,-0.0557062,-2.86184
1481271456248018,-0.134016,-0.0546216,-2.85973
1481271456263948,-0.113811,-0.055836,-2.85952
1481271456293014,-0.0972153,-0.0596483,-2.86225
1481271456308018,-0.0779711,-0.0603061,-2.86449
1481271456330525,-0.0611711,-0.064306,-2.86708
1481271456345080,-0.046124,-0.0724801,-2.8708
1481271456368983,-0.0325685,-0.0774161,-2.8721
1481271456383045,-0.0200474,-0.076152,-2.87264
1481271456405075,-0.00479717,-0.072542,-2.87177
1481271456435504,0.00758587,-0.0705473,-2.86913
1481271456442687,0.0200091,-0.072157,-2.8675
1481271456473721,0.0286394,-0.0749468,-2.86781
1481271456487779,0.0340179,-0.079926,-2.87153
1481271456504694,0.0372175,-0.0817671,-2.87462
1481271456525199,0.0445047,-0.0793748,-2.87633
1481271456547226,0.0444136,-0.0766214,-2.87739
1481271456570212,0.0430498,-0.0738529,-2.87729
1481271456585302,0.0387443,-0.0720344,-2.87773
1481271456609211,0.034379,-0.0710395,-2.87966
1481271456622722,0.0322437,-0.0699766,-2.88168
1481271456646305,0.0266986,-0.0704502,-2.88348
1481271456675332,0.0211066,-0.0708271,-2.88351
1481271456684314,0.0194197,-0.0701378,-2.88198
1481271456712398,0.0221335,-0.0707562,-2.88083
1481271456751869,0.0206409,-0.0702929,-2.88227
1481271456754866,0.0143915,-0.0685933,-2.88402
1481271456764970,0.00968782,-0.0671131,-2.88498
1481271456787953,0.00723822,-0.0658206,-2.88406
1481271456803879,0.00719611,-0.0666898,-2.88245
1481271456825527,0.00604564,-0.065925,-2.88189
1481271456851066,0.004424,-0.0652198,-2.88222
1481271456863999,0.0024643,-0.0652071,-2.88251
1481271456887069,0.00442862,-0.0654591,-2.88333
1481271456908068,0.00548589,-0.0638745,-2.88299
1481271456924597,0.00696741,-0.0580375,-2.88244
1481271456953252,0.00800802,-0.0518937,-2.88221
1481271456968270,0.0086108,-0.0472918,-2.88234
1481271456991209,0.00947883,-0.0443302,-2.88187
1481271457030240,0.00878142,-0.0431292,-2.88224
1481271457032278,0.00853373,-0.0411305,-2.88146
1481271457044543,0.0107266,-0.0393311,-2.88079
1481271457065611,0.0138101,-0.0392452,-2.88046
1481271457095585,0.0166067,-0.0375279,-2.87963
1481271457104568,0.0189876,-0.037339,-2.88054
1481271457128142,0.0196769,-0.037794,-2.88108
1481271457147666,0.0222887,-0.039376,-2.88036
1481271457163765,0.0274502,-0.0393343,-2.87938
1481271457184665,0.0308317,-0.0368504,-2.87791
1481271457207663,0.0326488,-0.0370918,-2.87796
1481271457231676,0.0357528,-0.041782,-2.87954
1481271457245189,0.0406966,-0.0436509,-2.8803
1481271457269189,0.0474069,-0.0442653,-2.88116
1481271457283192,0.0575124,-0.0416066,-2.88265
1481271457305197,0.0674932,-0.0362593,-2.8861
1481271457335211,0.0737669,-0.0328474,-2.89014
1481271457350373,0.0850102,-0.0268782,-2.89309
1481271457373220,0.0980291,-0.0244333,-2.89822
1481271457388238,0.112122,-0.0232453,-2.90404
1481271457412285,0.126834,-0.018754,-2.90939
1481271457425314,0.14387,-0.0141404,-2.91388
1481271457447854,0.163812,-0.0109233,-2.91788
1481271457477866,0.185728,-0.0067307,-2.91924
1481271457484932,0.211977,-0.00051681,-2.91938
1481271457508921,0.238715,0.0043286,-2.9197
1481271457530376,0.270879,0.00628403,-2.92028
1481271457547027,0.304961,0.0127399,-2.92137
1481271457582966,0.336501,0.0200149,-2.92148
1481271457589961,0.368661,0.0295023,-2.92009
1481271457606088,0.404257,0.0398701,-2.91727
1481271457628036,0.437009,0.0467115,-2.91646
1481271457651096,0.469711,0.0457215,-2.91757
1481271457667080,0.501305,0.0422579,-2.91776
1481271457688098,0.532025,0.0398144,-2.91524
1481271457718152,0.564853,0.04191,-2.91175
1481271457727069,0.596847,0.0420323,-2.91098
1481271457755140,0.628039,0.040305,-2.911
1481271457770215,0.661562,0.0383599,-2.90958
1481271457787204,0.698075,0.0345655,-2.91022
1481271457807142,0.736701,0.0328545,-2.90757
1481271457830689,0.775928,0.0326318,-2.90374
1481271457863214,0.820417,0.0293893,-2.90231
1481271457867217,0.863227,0.0216068,-2.89986
1481271457899214,0.901053,0.013235,-2.89734
1481271457907279,0.940064,0.0072906,-2.89784
1481271457929301,0.976653,0.00508238,-2.89601
1481271457967657,1.01501,0.00733534,-2.89587
1481271457969630,1.05427,0.00746619,-2.89699
1481271457994662,1.09036,0.00619972,-2.89644
1481271458009635,1.12183,0.00587295,-2.89649
1481271458034647,1.15109,0.000623107,-2.89614
1481271458047790,1.18149,-0.00724223,-2.89688
1481271458069802,1.20926,-0.0112084,-2.89706
1481271458086684,1.23705,-0.0150847,-2.89891
1481271458107690,1.2618,-0.0212254,-2.89943
1481271458139777,1.28858,-0.0303085,-2.89873
1481271458146745,1.31195,-0.0374751,-2.89851
1481271458169782,1.33355,-0.04234,-2.89927
1481271458189744,1.35523,-0.0461977,-2.90289
1481271458206745,1.37762,-0.0503623,-2.90625
1481271458235321,1.39819,-0.0520084,-2.9079
1481271458249970,1.41386,-0.0476451,-2.90707
1481271458273971,1.43111,-0.0381135,-2.9105
1481271458288039,1.44766,-0.0313166,-2.91067
1481271458312043,1.46134,-0.0313483,-2.91446
1481271458327055,1.47267,-0.0323771,-2.91821
1481271458347583,1.48264,-0.0361708,-2.91999
1481271458377608,1.49383,-0.0418388,-2.91993
1481271458386532,1.50244,-0.0500515,-2.91863
1481271458416512,1.50889,-0.0598575,-2.9204
1481271458430603,1.51865,-0.066178,-2.92138
1481271458446604,1.53127,-0.0695776,-2.92236
1481271458467652,1.54427,-0.0723227,-2.92498
1481271458490636,1.55889,-0.0740866,-2.92409
1481271458514637,1.57741,-0.0739151,-2.92594
1481271458528176,1.59443,-0.0771624,-2.92569
1481271458552310,1.61524,-0.0775637,-2.92725
1481271458566315,1.64205,-0.0746588,-2.92716
1481271458590292,1.66337,-0.0692503,-2.92704
1481271458617425,1.6807,-0.0674314,-2.92814
1481271458626325,1.69162,-0.0645095,-2.92853
1481271458656826,1.70126,-0.0615859,-2.92938
1481271458669908,1.70697,-0.0596492,-2.92983
1481271458694833,1.70628,-0.0577725,-2.93072
1481271458708828,1.7042,-0.0537016,-2.93224
1481271458730414,1.70093,-0.0484475,-2.93142
1481271458745921,1.69988,-0.0440451,-2.93046
1481271458768991,1.69981,-0.0413994,-2.92966
1481271458791928,1.70048,-0.0416101,-2.9302
1481271458805926,1.70038,-0.0453102,-2.93185
1481271458829442,1.69982,-0.0464885,-2.93287
1481271458852016,1.69986,-0.0456005,-2.93317
1481271458866954,1.70058,-0.0440514,-2.93281
1481271458896960,1.70178,-0.0432314,-2.93268
1481271458910023,1.70159,-0.0450939,-2.93314
1481271458934540,1.70028,-0.0466455,-2.93391
1481271458948992,1.69889,-0.0449114,-2.93415
1481271458972052,1.69848,-0.0416153,-2.93341
1481271458985990,1.69747,-0.0397692,-2.93213
1481271459009041,1.69563,-0.0397644,-2.93178
1481271459038069,1.69334,-0.0400218,-2.93211
1481271459045910,1.69252,-0.0404228,-2.93265
1481271459068991,1.69085,-0.0424047,-2.93297
1481271459089921,1.68813,-0.0439406,-2.93295
1481271459105913,1.68155,-0.0428944,-2.93296
1481271459129436,1.67227,-0.0434566,-2.93336
1481271459149945,1.66131,-0.0440673,-2.93452
1481271459173943,1.64587,-0.0446403,-2.934
1481271459188951,1.62957,-0.0438134,-2.93366
1481271459211981,1.6108,-0.0424607,-2.9332
1481271459226472,1.59186,-0.0424028,-2.93161
1481271459250987,1.57347,-0.0422959,-2.92975
1481271459278039,1.55698,-0.0417541,-2.92835
1481271459285978,1.54082,-0.0412166,-2.92663
1481271459317009,1.52541,-0.0408328,-2.92535
1481271459330551,1.50935,-0.0375045,-2.92439
1481271459345994,1.49022,-0.032945,-2.92292
1481271459368999,1.46679,-0.0285002,-2.9217
1481271459389996,1.44381,-0.027068,-2.92236
1481271459405997,1.41785,-0.0255021,-2.92296
1481271459429081,1.39243,-0.0241512,-2.92419
1481271459451031,1.3629,-0.0232781,-2.92643
1481271459466029,1.33343,-0.0247032,-2.92739
1481271459488095,1.30332,-0.025936,-2.92704
1481271459528044,1.27095,-0.0278887,-2.92774
1481271459533078,1.23589,-0.0298056,-2.92966
1481271459557056,1.19996,-0.0313536,-2.93195
1481271459572127,1.16141,-0.0316904,-2.93342
1481271459586060,1.12432,-0.0320871,-2.93482
1481271459608159,1.08373,-0.0298396,-2.93712
1481271459632196,1.04403,-0.0264044,-2.93963
1481271459646040,1.00203,-0.0236367,-2.94023
1481271459668108,0.960719,-0.0232388,-2.94023
1481271459691041,0.921598,-0.0245504,-2.94079
1481271459706042,0.882487,-0.0279916,-2.94165
1481271459728551,0.841521,-0.0331716,-2.94018
1481271459751143,0.799023,-0.0367183,-2.93922
1481271459773060,0.75356,-0.0374976,-2.93979
1481271459789063,0.71056,-0.040006,-2.94025
1481271459812126,0.667438,-0.0449897,-2.93981
1481271459833141,0.626443,-0.0484796,-2.93921
1481271459848789,0.580109,-0.0485977,-2.93867
1481271459871786,0.537175,-0.0460566,-2.93795
1481271459892869,0.498813,-0.0446717,-2.93559
1481271459914867,0.46009,-0.0450723,-2.93264
1481271459932309,0.419969,-0.0459535,-2.93085
1481271459960025,0.380407,-0.0456379,-2.93001
1481271459969017,0.341014,-0.0437097,-2.92905
1481271459991951,0.299476,-0.0432111,-2.92676
1481271460013018,0.255849,-0.0452177,-2.92564
1481271460029033,0.213024,-0.0487043,-2.92373
1481271460052170,0.176677,-0.051518,-2.92409
1481271460073169,0.135878,-0.0537865,-2.92366
1481271460088197,0.0961557,-0.0538709,-2.92001
1481271460112175,0.0585031,-0.0508986,-2.91538
1481271460133209,0.0216043,-0.0494307,-2.91268
1481271460148531,-0.0106702,-0.0476826,-2.91167
1481271460171534,-0.0427415,-0.0510146,-2.91272
1481271460192537,-0.0743244,-0.0561436,-2.91274
1481271460208534,-0.0993427,-0.0591127,-2.91075
1481271460232067,-0.116173,-0.0575708,-2.90653
1481271460252750,-0.124444,-0.0524124,-2.90226
1481271460268754,-0.117344,-0.0487207,-2.89829
1481271460291753,-0.108066,-0.0475772,-2.89495
1481271460312752,-0.101118,-0.0509962,-2.8945
1481271460328768,-0.0912378,-0.0536816,-2.89431
1481271460350993,-0.0822187,-0.0521585,-2.89307
1481271460373029,-0.0729045,-0.0484956,-2.89265
1481271460388070,-0.0663438,-0.0450952,-2.89171
1481271460411002,-0.0668515,-0.0450018,-2.89072
1481271460433078,-0.0695791,-0.0489656,-2.89052
1481271460448520,-0.0719958,-0.0524755,-2.89041
1481271460471587,-0.0750941,-0.0525727,-2.89019
1481271460494588,-0.0754882,-0.0498036,-2.88992
1481271460516532,-0.071278,-0.0456395,-2.88949
1481271460531107,-0.065924,-0.0433749,-2.89008
1481271460554316,-0.0623151,-0.0450685,-2.89036
1481271460568381,-0.061223,-0.0481692,-2.89065
1481271460591317,-0.0632168,-0.0494023,-2.8909
1481271460621310,-0.0626252,-0.0467873,-2.89153
1481271460628888,-0.0596985,-0.0440662,-2.89129
1481271460650901,-0.05767,-0.0433016,-2.88993
1481271460673834,-0.0551044,-0.0453365,-2.88953
1481271460688901,-0.0537267,-0.0481068,-2.88989
1481271460710852,-0.0508191,-0.048743,-2.89103
1481271460734423,-0.0492304,-0.0468478,-2.8909
1481271460748493,-0.0461498,-0.0446201,-2.88954
1481271460771559,-0.0428877,-0.0440369,-2.88902
1481271460794530,-0.0441317,-0.045113,-2.8891
1481271460808497,-0.0444739,-0.0459377,-2.88943
1481271460831652,-0.0448557,-0.045162,-2.88995
1481271460854100,-0.044492,-0.0442207,-2.88986
1481271460876100,-0.0424927,-0.0439782,-2.88978
1481271460891099,-0.0414012,-0.0442529,-2.89054
1481271460914102,-0.0402723,-0.0451387,-2.8909
1481271460929150,-0.0410083,-0.0461597,-2.89122
1481271460951716,-0.0410942,-0.0477462,-2.89096
1481271460981655,-0.0389975,-0.0487512,-2.89122
1481271460994783,-0.0399246,-0.048264,-2.8911
1481271461010725,-0.0419693,-0.047749,-2.89043
1481271461034172,-0.044001,-0.0490836,-2.88986
1481271461055187,-0.0452247,-0.0508925,-2.88953
1481271461072205,-0.0460217,-0.0512808,-2.88927
1481271461093911,-0.0445954,-0.0505891,-2.88872
1481271461116781,-0.0422334,-0.0501206,-2.88728
1481271461131352,-0.0405025,-0.0514081,-2.88474
1481271461154367,-0.0380262,-0.0526722,-2.88229
1481271461175364,-0.0355188,-0.0528503,-2.88042
1481271461191364,-0.033118,-0.0527588,-2.87776
1481271461214365,-0.0314558,-0.0519753,-2.87624
1481271461235382,-0.0318774,-0.0507666,-2.8729
1481271461251454,-0.0332461,-0.0490456,-2.86838
1481271461281459,-0.0335108,-0.0490629,-2.86318
1481271461295472,-0.0358383,-0.0477847,-2.85699
1481271461311396,-0.0369271,-0.0416696,-2.84669
1481271461333407,-0.0262368,-0.0333324,-2.83056
1481271461355029,-0.0298432,-0.0194129,-2.81156
1481271461371024,-0.0325757,-0.0115296,-2.78714
1481271461402092,-0.016572,-0.00661996,-2.75983
1481271461417092,-0.00373877,-0.00546358,-2.73666
1481271461431038,0.00290159,-0.00849958,-2.71405
1481271461454665,0.0135131,-0.00497355,-2.69129
1481271461477669,0.0301273,-0.00270799,-2.66258
1481271461490635,0.0406561,1.76728e-005,-2.62629
1481271461513609,0.0388355,0.00176944,-2.58718
1481271461537303,0.0365861,0.0040062,-2.5482
1481271461550799,0.0374652,0.00343783,-2.51057
1481271461581770,0.0380959,-0.000806205,-2.47402
1481271461596769,0.0377452,-0.000928477,-2.44077
1481271461610769,0.0351365,-0.00489093,-2.40677
1481271461633791,0.0302503,-0.0150587,-2.36973
1481271461656933,0.0261744,-0.0249388,-2.32251
1481271461670935,0.0121828,-0.0331371,-2.27044
1481271461693937,-0.0145991,-0.0329617,-2.21974
1481271461716942,-0.0354672,-0.0376045,-2.16968
1481271461739450,-0.0369554,-0.0430432,-2.13023
1481271461754029,-0.0293139,-0.0441189,-2.09329
1481271461776962,-0.028114,-0.0409404,-2.06116
1481271461804972,-0.0431509,-0.0432195,-2.03224
1481271461814031,-0.0624385,-0.0484562,-2.00051
1481271461844006,-0.0714679,-0.0488676,-1.96875
1481271461858077,-0.0644539,-0.0484041,-1.93261
1481271461873072,-0.0534063,-0.0531574,-1.88842
1481271461897043,-0.0417768,-0.0608925,-1.84313
1481271461918113,-0.0303188,-0.0655679,-1.80123
1481271461934093,-0.0207623,-0.0642051,-1.76401
1481271461956041,-0.0117624,-0.0571603,-1.73182
1481271461978171,-0.0111502,-0.0516003,-1.70181
1481271461993143,-0.0153435,-0.0466805,-1.67261
1481271462017106,-0.0132082,-0.040509,-1.64809
1481271462038131,-0.0116555,-0.0356008,-1.6195
1481271462053203,-0.000155262,-0.0308175,-1.57756
1481271462076169,0.00857345,-0.0311791,-1.5281
1481271462098137,0.00505325,-0.0339243,-1.48159
1481271462113124,-0.00627795,-0.0333344,-1.44351
1481271462136589,-0.0137821,-0.0246894,-1.40881
1481271462158128,-0.0141264,-0.0145247,-1.38124
1481271462174095,-0.0211944,-0.00658121,-1.35703
1481271462196101,-0.0323467,-0.00153373,-1.33345
1481271462218161,-0.0411448,-0.00487858,-1.30569
1481271462233608,-0.0409394,-0.0124317,-1.27637
1481271462257118,-0.0301964,-0.0184633,-1.2564
1481271462285153,-0.026859,-0.0226903,-1.23607
1481271462293132,-0.0328093,-0.0261605,-1.21811
1481271462316121,-0.0415921,-0.0332601,-1.20214
1481271462338167,-0.0463629,-0.0417758,-1.18402
1481271462353141,-0.0470035,-0.0493653,-1.16811
1481271462376144,-0.0480373,-0.0538888,-1.16192
1481271462399146,-0.0505656,-0.0522454,-1.16322
1481271462413145,-0.0513902,-0.0487518,-1.16457
1481271462436158,-0.0527222,-0.0464876,-1.16633
1481271462459168,-0.0587158,-0.0442698,-1.16897
1481271462473169,-0.0611575,-0.0419051,-1.17165
1481271462496170,-0.0544209,-0.0407726,-1.17445
1481271462519176,-0.0520926,-0.0389616,-1.17903
1481271462533680,-0.0601403,-0.0348669,-1.18427
1481271462556184,-0.064687,-0.0322855,-1.18655
1481271462579185,-0.0644946,-0.0329963,-1.18549
1481271462593221,-0.060243,-0.034495,-1.18427
1481271462616188,-0.0589208,-0.0325313,-1.1868
1481271462639204,-0.0647749,-0.0297571,-1.1879
1481271462653746,-0.0659103,-0.0291642,-1.18721
1481271462675762,-0.0626296,-0.0303097,-1.18658
1481271462722770,-0.0597747,-0.0301711,-1.18699
1481271462722770,-0.0600712,-0.028651,-1.18821
1481271462742864,-0.0616148,-0.0276912,-1.18972
1481271462759819,-0.062543,-0.0259064,-1.19196
1481271462773915,-0.0618554,-0.0263141,-1.19552
1481271462803792,-0.0631832,-0.0285122,-1.19811
1481271462827315,-0.0603809,-0.0237837,-1.20191
1481271462848854,-0.0601555,-0.0185369,-1.20441
1481271462863888,-0.0591375,-0.0194014,-1.20658
1481271462886849,-0.0569978,-0.0227489,-1.20872
1481271462908901,-0.0577944,-0.024414,-1.21077
1481271462922855,-0.0595334,-0.0229951,-1.21217
1481271462946913,-0.0611798,-0.0180405,-1.21199
1481271462968907,-0.0628824,-0.0153828,-1.21268
1481271462982912,-0.0600461,-0.0259098,-1.21299
1481271463006913,-0.0597185,-0.0246777,-1.2139
1481271463029584,-0.0596149,-0.018436,-1.21599
1481271463050246,-0.0501167,-0.0323061,-1.21879
1481271463067236,-0.0506412,-0.0205238,-1.22524
1481271463089169,-0.049528,-0.0327446,-1.23401
1481271463110172,-0.0586661,-0.0218758,-1.24234
1481271463126885,-0.0563693,-0.0262127,-1.24977
1481271463148990,-0.0472748,-0.0369234,-1.26091
1481271463170003,-0.0456854,-0.0224143,-1.27397
1481271463186929,-0.04887,-0.0260156,-1.28826
1481271463208923,-0.0500092,-0.0381294,-1.30666
1481271463230442,-0.0505168,-0.0442235,-1.32884
1481271463246448,-0.0505474,-0.0415876,-1.35446
1481271463269449,-0.0461864,-0.0317124,-1.3823
1481271463290455,-0.0320015,-0.0170408,-1.41299
1481271463306452,-0.0168907,-0.000427224,-1.44749
1481271463329468,-0.0116966,-0.000808798,-1.48756
1481271463350003,-0.014854,-0.00867665,-1.53009
1481271463359069,-0.0175431,-0.0223419,-1.56904
1481271463382083,-0.0114622,-0.0186154,-1.61018
1481271463396010,0.00493851,-0.0106787,-1.65424
1481271463418105,0.00939409,-0.000753984,-1.70484
1481271463442089,-0.00716109,0.00246163,-1.75433
1481271463464296,-0.0209524,-0.00289835,-1.80484
1481271463478356,-0.00891889,-0.0100984,-1.85801
1481271463501336,0.0170254,-0.00826438,-1.91389
1481271463524315,0.0233916,0.00148485,-1.97098
1481271463547357,0.0161632,0.0116547,-2.02868
1481271463593360,0.00396313,0.0125369,-2.07986
1481271463599398,-0.00171078,0.0132452,-2.12615
1481271463601360,0.00341982,0.00937417,-2.17202
1481271463621398,0.0141746,0.00605147,-2.22083
1481271463651707,0.0129282,0.000564031,-2.26779
1481271463658754,0.00336898,-0.00415641,-2.31
1481271463690746,-0.00262976,-0.00313592,-2.35173
1481271463702791,0.00443034,0.00495064,-2.39484
1481271463735809,0.0193294,0.0130898,-2.44194
1481271463742311,0.00960027,0.0119538,-2.48726
1481271463762988,-0.0184322,0.00731445,-2.53397
1481271463793991,-0.0390168,0.010114,-2.57382
1481271463802019,-0.0424105,0.0166001,-2.60499
1481271463822992,-0.0310916,0.0276517,-2.63874
1481271463846578,-0.0285899,0.0295513,-2.67259
1481271463869650,-0.0423955,0.0174412,-2.70366
1481271463874583,-0.058431,0.0021279,-2.72893
1481271463905582,-0.0619646,-0.000679895,-2.75483
1481271463912659,-0.0564926,0.00467852,-2.77794
1481271463934676,-0.0525529,0.00707838,-2.7956
1481271463974112,-0.0533884,-9.74238e-005,-2.80517
1481271463976084,-0.0514246,-0.00478466,-2.8108
1481271463994112,-0.0459179,-0.00969892,-2.81233
1481271464018221,-0.0429319,-0.0125193,-2.81101
1481271464042628,-0.0414675,-0.0161829,-2.8086
1481271464079752,-0.0383556,-0.0209897,-2.80573
1481271464081752,-0.0371662,-0.0272934,-2.80016
1481271464100833,-0.0371745,-0.0324009,-2.7941
1481271464122754,-0.0458152,-0.0240091,-2.79725
1481271464148894,-0.0548347,-0.0112552,-2.80078
1481271464152980,-0.0580819,-0.00917955,-2.7997
1481271464183996,-0.0659288,-0.0162468,-2.79553
1481271464205898,-0.0736601,-0.0235829,-2.79564
1481271464211898,-0.0753416,-0.0282549,-2.79576
1481271464244453,-0.0695673,-0.0338964,-2.79333
1481271464258419,-0.0656131,-0.0363544,-2.7901
1481271464275455,-0.0636578,-0.0364372,-2.78955
1481271464294446,-0.0650169,-0.0362926,-2.78863
1481271464317429,-0.0723369,-0.0375741,-2.7879
1481271464348116,-0.0758532,-0.0396239,-2.78627
1481271464357104,-0.0716278,-0.039486,-2.78552
1481271464378102,-0.0733045,-0.038431,-2.78525
1481271464392042,-0.0756569,-0.0391409,-2.78566
1481271464417105,-0.0712672,-0.0422731,-2.78526
1481271464445569,-0.0694039,-0.0449583,-2.78498
1481271464460609,-0.0723412,-0.0440665,-2.7852
1481271464484637,-0.0714673,-0.0421472,-2.78629
1481271464497638,-0.0635004,-0.0386107,-2.78647
1481271464530218,-0.0605886,-0.037657,-2.78698
1481271464534679,-0.0616572,-0.0387068,-2.7915
1481271464557769,-0.0650431,-0.0408155,-2.79495
1481271464572688,-0.069062,-0.0412602,-2.79592
1481271464594768,-0.0697222,-0.0418171,-2.79356
1481271464634316,-0.0780148,-0.0475288,-2.80682
1481271464636787,-0.0773536,-0.0451209,-2.81983
1481271464657430,-0.0737441,-0.0417575,-2.82771
1481271464700466,-0.0783022,-0.0411446,-2.83406
1481271464709538,-0.0787584,-0.0417039,-2.84799
1481271464723443,-0.0660608,-0.0394806,-2.86383
1481271464739520,-0.0521412,-0.0345901,-2.8775
1481271464761593,-0.0449075,-0.0319778,-2.88976
1481271464806665,-0.0355526,-0.0331206,-2.9107
1481271464809593,-0.0350152,-0.0313796,-2.93665
1481271464847180,-0.037888,-0.0295151,-2.9591
1481271464868115,-0.0307313,-0.0233033,-2.9848
1481271464870150,-0.0217994,-0.0192652,-3.01239
1481271464875116,-0.0173655,-0.0127191,-3.04403
1481271464912136,-0.0215134,-0.000553966,-3.07957
1481271464942700,-0.018685,0.00784863,-3.11176
1481271464943637,-0.00529521,0.0146326,3.13533
1481271464981023,0.00754377,0.0163009,3.09331
1481271464987024,0.0104536,0.0185287,3.05659
1481271465000105,0.00533685,0.0215906,3.02439
1481271465014028,0.00117758,0.0341161,2.99562
1481271465039118,0.00248955,0.0407913,2.96365
1481271465076763,-0.00683668,0.0437017,2.91412
1481271465078721,-0.024635,0.038925,2.85984
1481271465105658,-0.0368303,0.033505,2.82122
1481271465120734,-0.0435076,0.0263645,2.78942
1481271465143212,-0.0326338,0.0195316,2.74933
1481271465157105,-0.0227064,0.00596492,2.70482
1481271465180094,-0.0225571,0.00220899,2.65589
1481271465194096,-0.0317897,0.00531534,2.61344
1481271465217097,-0.0415326,0.0124014,2.57242
1481271465248119,-0.0539269,0.0116392,2.53442
1481271465254121,-0.0553785,0.00653155,2.49415
1481271465278177,-0.0523223,0.00666831,2.45333
1481271465300122,-0.0529837,0.0105859,2.41634
1481271465316122,-0.0346075,0.0150206,2.37606
1481271465338632,-0.0297763,0.00996397,2.34321
1481271465360146,-0.0261261,0.00974553,2.3035
1481271465383207,-0.0190604,0.0107518,2.26518
1481271465397145,-0.0153227,0.00319959,2.22578
1481271465421200,-0.0122268,-0.000270396,2.18803
1481271465434660,-0.00212633,0.00162684,2.15194
1481271465460167,0.00219566,0.00207339,2.11805
1481271465487172,-0.00282025,0.0113602,2.08412
1481271465497233,-0.014954,0.0194873,2.05176
1481271465527172,-0.0215463,0.0212089,2.01954
1481271465540194,-0.0257785,0.0231535,1.9912
1481271465556207,-0.0269438,0.0225218,1.96344
1481271465577206,-0.0287637,0.0205303,1.93797
1481271465600270,-0.0258333,0.0225494,1.90976
1481271465614208,-0.0286638,0.0268422,1.88052
1481271465637313,-0.0250281,0.0265447,1.85098
1481271465660391,-0.0170695,0.0253865,1.822
1481271465674339,-0.00842292,0.0246675,1.79575
1481271465697324,0.00295611,0.0251232,1.77101
1481271465720328,0.01105,0.0271053,1.74631
1481271465734844,0.014006,0.0281082,1.72318
1481271465757410,0.0183383,0.0298399,1.70376
1481271465788349,0.0265693,0.0294723,1.68939
1481271465794419,0.0306312,0.0296621,1.67744
1481271465817358,0.0311275,0.0320148,1.66861
1481271465840365,0.0298666,0.0335622,1.66136
1481271465854378,0.0273796,0.0330151,1.65891
1481271465877381,0.0337141,0.027725,1.65894
1481271465900384,0.0356532,0.0221612,1.66099
1481271465914490,0.0298273,0.0205574,1.66441
1481271465937434,0.0280742,0.020654,1.66963
1481271465959997,0.032125,0.0225289,1.67526
1481271465975062,0.0332263,0.0256731,1.6805
1481271465997000,0.0309476,0.0272985,1.68415
1481271466020004,0.0275587,0.0279836,1.68626
1481271466035078,0.0175781,0.0285481,1.68748
1481271466056602,0.00765326,0.0303378,1.68766
1481271466080528,-0.00235779,0.0320471,1.68808
1481271466094539,-0.0123577,0.0335959,1.68964
1481271466116642,-0.0212692,0.0343298,1.69215
1481271466148288,-0.0237949,0.0346923,1.69491
1481271466154213,-0.0234352,0.0349909,1.69973
1481271466177289,-0.0200596,0.0338727,1.70436
1481271466199530,-0.017743,0.0342609,1.70679
1481271466214463,-0.0179406,0.0340939,1.70604
1481271466237540,-0.0172092,0.0339361,1.70381
1481271466259510,-0.0142777,0.0314804,1.70251
1481271466274483,-0.0124716,0.0277153,1.70082
1481271466297552,-0.0141467,0.0246218,1.70059
1481271466328556,-0.0137769,0.023314,1.70245
1481271466334570,-0.00957716,0.0234026,1.706
1481271466357201,-0.00584772,0.0242021,1.70956
1481271466379122,-0.00491962,0.0243253,1.71404
1481271466394123,-0.00314132,0.0238678,1.72078
1481271466425125,0.00155577,0.0228239,1.72963
1481271466448315,0.00628498,0.0230311,1.74008
1481271466454282,0.0116381,0.0254799,1.74915
1481271466477409,0.00676195,0.0301409,1.76003
1481271466499415,0.00469527,0.0356183,1.77532
1481271466514315,0.0109618,0.0352434,1.79746
1481271466537334,0.0211204,0.0328768,1.81719
1481271466559778,0.0138601,0.0359483,1.83644
1481271466574760,-0.00220085,0.0416578,1.85688
1481271466596767,-0.00742669,0.0460343,1.87578
1481271466619772,-0.00190347,0.0482494,1.89527
1481271466634780,-0.000344698,0.052459,1.91507
1481271466656789,-0.00668639,0.0532047,1.93588
1481271466679790,-0.00505941,0.0559946,1.96037
1481271466694795,-0.00183681,0.0601704,1.99351
1481271466716884,-0.00648704,0.0625158,2.03021
1481271466739805,-0.00459762,0.0614766,2.06872
1481271466754397,0.00784039,0.0635715,2.1084
1481271466777398,0.0162422,0.0684016,2.14757
1481271466799478,0.0116336,0.0730562,2.18888
1481271466814402,0.00506636,0.0713019,2.24301
1481271466837481,0.0367404,0.0582753,2.30977
1481271466859560,0.0834892,0.0463025,2.3678
1481271466882520,0.108018,0.0473513,2.41956
1481271466897523,0.105081,0.0591973,2.46443
1481271466919463,0.104225,0.0698758,2.51135
1481271466942970,0.112854,0.0752586,2.56609
1481271466957069,0.130356,0.0821128,2.62096
1481271466979055,0.144838,0.0896606,2.6634
1481271467002984,0.15189,0.106062,2.70283
1481271467017057,0.157735,0.122093,2.74625
1481271467040080,0.167184,0.127455,2.78483
1481271467063178,0.18049,0.123634,2.81498
1481271467077155,0.203231,0.124791,2.8494
1481271467099158,0.224086,0.119867,2.89103
1481271467122082,0.231687,0.104651,2.93133
1481271467137089,0.230175,0.0919906,2.96847
1481271467160116,0.224045,0.0840537,3.00229
1481271467181987,0.215241,0.0752025,3.0375
1481271467197054,0.202975,0.0596517,3.0815
1481271467220051,0.187077,0.0440878,3.1239
1481271467244061,0.167689,0.0291115,-3.11771
1481271467256879,0.143864,0.0191665,-3.07963
1481271467280884,0.121413,0.0121051,-3.0447
1481271467301976,0.0955499,0.00488683,-3.00832
1481271467316918,0.0596182,-0.00362144,-2.96306
1481271467339911,0.0273547,-0.0189267,-2.91748
1481271467361921,0.0206962,-0.0305916,-2.88666
1481271467377016,0.0325604,-0.0258994,-2.86952
1481271467400051,0.0401248,-0.015456,-2.86458
1481271467421922,0.0318178,-0.00785725,-2.86641
1481271467437545,0.0215606,-0.016824,-2.86355
1481271467459660,0.0239219,-0.0247711,-2.86549
1481271467481715,0.0250686,-0.0257307,-2.86979
1481271467496717,0.0184333,-0.0150308,-2.87543
1481271467519642,0.00675602,-0.00482332,-2.8815
1481271467542166,0.00389778,0.00158951,-2.88494
1481271467575179,0.0117397,0.00131881,-2.88541
1481271467579174,0.0198623,-0.0053864,-2.88572
1481271467603208,0.0317274,-0.00976761,-2.88433
1481271467617203,0.0423741,-0.0112354,-2.88582
1481271467641711,0.0422815,-0.00817961,-2.88997
1481271467680755,0.0440936,-0.00847079,-2.89266
1481271467684751,0.0514865,-0.0122829,-2.89055
1481271467707752,0.0559385,-0.0207917,-2.88821
1481271467721756,0.0562449,-0.0233596,-2.89015
1481271467744766,0.0537997,-0.02147,-2.89375
1481271467759869,0.0524382,-0.0207276,-2.8967
1481271467781964,0.0576521,-0.0213693,-2.89677
1481271467796870,0.0646132,-0.0246443,-2.89444
1481271467819880,0.0651386,-0.0244387,-2.89519
1481271467852391,0.0602441,-0.0223027,-2.8968
1481271467857394,0.0562596,-0.0237545,-2.89768
1481271467881462,0.0547604,-0.027899,-2.89692
1481271467902397,0.0619314,-0.0328825,-2.89943
1481271467920430,0.0722683,-0.0332712,-2.90304
1481271467948229,0.0828475,-0.0303082,-2.90427
1481271467962242,0.103476,-0.0273679,-2.91579
1481271467986230,0.120325,-0.0189725,-2.92551
1481271467999193,0.129087,-0.00609855,-2.92814
1481271468025165,0.124656,0.00315175,-2.9288
1481271468038708,0.121515,0.00735535,-2.94396
1481271468062312,0.107674,0.00757499,-2.95461
1481271468090315,0.0992841,0.00855705,-2.95612
1481271468098287,0.0933739,0.00836583,-2.95604
1481271468137326,0.087728,0.00980689,-2.95738
1481271468142330,0.072249,0.0129462,-2.96414
1481271468167841,0.0526662,0.0139915,-2.97056
1481271468198840,0.0430253,0.0147433,-2.97295
1481271468203841,0.0490424,0.0146841,-2.97119
1481271468235855,0.0618853,0.011501,-2.97104
1481271468239854,0.0751554,0.00504901,-2.97631
1481271468271866,0.0904491,0.000621334,-2.98502
1481271468310871,0.0989731,0.000115365,-2.9883
1481271468315937,0.104059,-0.000553556,-2.99237
1481271468339382,0.104137,0.00207889,-2.99125
1481271468341378,0.0988688,0.00514882,-2.98829
1481271468370890,0.090205,0.00685645,-2.98423
1481271468405956,0.0850698,0.00536919,-2.98298
1481271468415941,0.0795459,0.00538656,-2.98473
1481271468452986,0.0758647,0.0101406,-2.98616
1481271468458983,0.0779557,0.0136114,-2.98822
1481271468460984,0.086551,0.01396,-2.98884
1481271468480020,0.0920658,0.0151401,-2.9863
1481271468511986,0.0934155,0.0149846,-2.98519
1481271468518989,0.0951386,0.0134865,-2.98487
1481271468543589,0.0942084,0.0140149,-2.98412
1481271468562082,0.0893089,0.0157949,-2.98519
1481271468580082,0.0838327,0.0167127,-2.98816
1481271468616105,0.0842058,0.01699,-2.98962
1481271468622083,0.0868255,0.0173118,-2.98747
1481271468647165,0.0880618,0.0171204,-2.98525
1481271468660124,0.0923124,0.016533,-2.985
1481271468685104,0.0930087,0.0161391,-2.98562
1481271468722157,0.0899036,0.0174307,-2.98719
1481271468724106,0.0834114,0.0191968,-2.98818
1481271468750194,0.0766143,0.0186638,-2.98951
1481271468764136,0.0717669,0.0179744,-2.99081
1481271468791130,0.0738914,0.0171283,-2.99216
1481271468802135,0.0803148,0.0168176,-2.9964
1481271468827200,0.0868488,0.0148766,-3.00216
1481271468857158,0.0932304,0.0150537,-3.00233
1481271468862154,0.0980178,0.013152,-3.00029
1481271468894158,0.0947486,0.0103676,-3.00132
1481271468901163,0.0862779,0.00859562,-3.0033
1481271468925159,0.0807169,0.0114408,-3.00359
1481271468963752,0.0777455,0.0127514,-3.00368
1481271468968795,0.0775527,0.0118199,-3.00459
1481271468999755,0.0802433,0.011567,-3.00286
1481271469005789,0.0862717,0.0131757,-2.99868
1481271469028761,0.0883147,0.0140668,-2.99717
1481271469042317,0.0863036,0.0121731,-3.00107
1481271469067944,0.0835856,0.0122568,-3.0044
1481271469081880,0.0822563,0.0143038,-3.00432
1481271469104881,0.0826653,0.0147097,-3.00295
1481271469134478,0.0846013,0.0141313,-3.00111
1481271469141510,0.0850046,0.0142456,-2.99866
1481271469173017,0.0819866,0.014975,-2.99927
1481271469202092,0.0821703,0.0129097,-3.00302
1481271469204018,0.0830639,0.0133175,-3.00252
1481271469241532,0.0823351,0.0148831,-3.00062
1481271469246555,0.0814855,0.0150793,-3.00098
1481271469276553,0.0820852,0.0132128,-3.00129
1481271469283550,0.0819062,0.0123756,-3.00147
1481271469305616,0.0809252,0.0124632,-3.00195
1481271469321587,0.0785988,0.0123583,-3.00138
1481271469345065,0.0795967,0.0124942,-3.00038
1481271469381675,0.0815471,0.012346,-3.00012
1481271469383636,0.0845623,0.0118172,-3.00135
1481271469413620,0.08701,0.0119479,-3.00267
1481271469424585,0.086862,0.0117549,-3.00364
1481271469450126,0.084338,0.0124135,-3.00352
1481271469478125,0.0832587,0.0125605,-3.00231
1481271469485163,0.0820855,0.0132337,-3.0018
1481271469519125,0.0796528,0.0135455,-3.0023
1481271469523189,0.0773596,0.0142453,-3.00363
1481271469554164,0.0788756,0.0133521,-3.00537
